draw_no,numbers,date,bonus
1,"10, 23, 29, 33, 37, 40",2002-12-07,16
2,"9, 13, 21, 25, 32, 42",2002-12-14,2
3,"11, 16, 19, 21, 27, 31",2002-12-21,30
4,"14, 27, 30, 31, 40, 42",2002-12-28,2
5,"16, 24, 29, 40, 41, 42",2003-01-04,3
6,"14, 15, 26, 27, 40, 42",2003-01-11,34
7,"2, 9, 16, 25, 26, 40",2003-01-18,42
8,"8, 19, 25, 34, 37, 39",2003-01-25,9
9,"2, 4, 16, 17, 36, 39",2003-02-01,14
10,"9, 25, 30, 33, 41, 44",2003-02-08,6
11,"1, 7, 36, 37, 41, 42",2003-02-15,14
12,"2, 11, 21, 25, 39, 45",2003-02-22,44
13,"22, 23, 25, 37, 38, 42",2003-03-01,26
14,"2, 6, 12, 31, 33, 40",2003-03-08,15
15,"3, 4, 16, 30, 31, 37",2003-03-15,13
16,"6, 7, 24, 37, 38, 40",2003-03-22,33
17,"3, 4, 9, 17, 32, 37",2003-03-29,1
18,"3, 12, 13, 19, 32, 35",2003-04-05,29
19,"6, 30, 38, 39, 40, 43",2003-04-12,26
20,"10, 14, 18, 20, 23, 30",2003-04-19,41
21,"6, 12, 17, 18, 31, 32",2003-04-26,21
22,"4, 5, 6, 8, 17, 39",2003-05-03,25
23,"5, 13, 17, 18, 33, 42",2003-05-10,44
24,"7, 8, 27, 29, 36, 43",2003-05-17,6
25,"2, 4, 21, 26, 43, 44",2003-05-24,16
26,"4, 5, 7, 18, 20, 25",2003-05-31,31
27,"1, 20, 26, 28, 37, 43",2003-06-07,27
28,"9, 18, 23, 25, 35, 37",2003-06-14,1
29,"1, 5, 13, 34, 39, 40",2003-06-21,11
30,"8, 17, 20, 35, 36, 44",2003-06-28,4
31,"7, 9, 18, 23, 28, 35",2003-07-05,32
32,"6, 14, 19, 25, 34, 44",2003-07-12,11
33,"4, 7, 32, 33, 40, 41",2003-07-19,9
34,"9, 26, 35, 37, 40, 42",2003-07-26,2
35,"2, 3, 11, 26, 37, 43",2003-08-02,39
36,"1, 10, 23, 26, 28, 40",2003-08-09,31
37,"7, 27, 30, 33, 35, 37",2003-08-16,42
38,"16, 17, 22, 30, 37, 43",2003-08-23,36
39,"6, 7, 13, 15, 21, 43",2003-08-30,8
40,"7, 13, 18, 19, 25, 26",2003-09-06,6
41,"13, 20, 23, 35, 38, 43",2003-09-13,34
42,"17, 18, 19, 21, 23, 32",2003-09-20,1
43,"6, 31, 35, 38, 39, 44",2003-09-27,1
44,"3, 11, 21, 30, 38, 45",2003-10-04,39
45,"1, 10, 20, 27, 33, 35",2003-10-11,17
46,"8, 13, 15, 23, 31, 38",2003-10-18,39
47,"14, 17, 26, 31, 36, 45",2003-10-25,27
48,"6, 10, 18, 26, 37, 38",2003-11-01,3
49,"4, 7, 16, 19, 33, 40",2003-11-08,30
50,"2, 10, 12, 15, 22, 44",2003-11-15,1
51,"2, 3, 11, 16, 26, 44",2003-11-22,35
52,"2, 4, 15, 16, 20, 29",2003-11-29,1
53,"7, 8, 14, 32, 33, 39",2003-12-06,42
54,"1, 8, 21, 27, 36, 39",2003-12-13,37
55,"17, 21, 31, 37, 40, 44",2003-12-20,7
56,"10, 14, 30, 31, 33, 37",2003-12-27,19
57,"7, 10, 16, 25, 29, 44",2004-01-03,6
58,"10, 24, 25, 33, 40, 44",2004-01-10,1
59,"6, 29, 36, 39, 41, 45",2004-01-17,13
60,"2, 8, 25, 36, 39, 42",2004-01-24,11
61,"14, 15, 19, 30, 38, 43",2004-01-31,8
62,"3, 8, 15, 27, 29, 35",2004-02-07,21
63,"3, 20, 23, 36, 38, 40",2004-02-14,5
64,"14, 15, 18, 21, 26, 36",2004-02-21,39
65,"4, 25, 33, 36, 40, 43",2004-02-28,39
66,"2, 3, 7, 17, 22, 24",2004-03-06,45
67,"3, 7, 10, 15, 36, 38",2004-03-13,33
68,"10, 12, 15, 16, 26, 39",2004-03-20,38
69,"5, 8, 14, 15, 19, 39",2004-03-27,35
70,"5, 19, 22, 25, 28, 43",2004-04-03,26
71,"5, 9, 12, 16, 29, 41",2004-04-10,21
72,"2, 4, 11, 17, 26, 27",2004-04-17,1
73,"3, 12, 18, 32, 40, 43",2004-04-24,38
74,"6, 15, 17, 18, 35, 40",2004-05-01,23
75,"2, 5, 24, 32, 34, 44",2004-05-08,28
76,"1, 3, 15, 22, 25, 37",2004-05-15,43
77,"2, 18, 29, 32, 43, 44",2004-05-22,37
78,"10, 13, 25, 29, 33, 35",2004-05-29,38
79,"3, 12, 24, 27, 30, 32",2004-06-05,14
80,"17, 18, 24, 25, 26, 30",2004-06-12,1
81,"5, 7, 11, 13, 20, 33",2004-06-19,6
82,"1, 2, 3, 14, 27, 42",2004-06-26,39
83,"6, 10, 15, 17, 19, 34",2004-07-03,14
84,"16, 23, 27, 34, 42, 45",2004-07-10,11
85,"6, 8, 13, 23, 31, 36",2004-07-17,21
86,"2, 12, 37, 39, 41, 45",2004-07-24,33
87,"4, 12, 16, 23, 34, 43",2004-07-31,26
88,"1, 17, 20, 24, 30, 41",2004-08-07,27
89,"4, 26, 28, 29, 33, 40",2004-08-14,37
90,"17, 20, 29, 35, 38, 44",2004-08-21,10
91,"1, 21, 24, 26, 29, 42",2004-08-28,27
92,"3, 14, 24, 33, 35, 36",2004-09-04,17
93,"6, 22, 24, 36, 38, 44",2004-09-11,19
94,"5, 32, 34, 40, 41, 45",2004-09-18,6
95,"8, 17, 27, 31, 34, 43",2004-09-25,14
96,"1, 3, 8, 21, 22, 31",2004-10-02,20
97,"6, 7, 14, 15, 20, 36",2004-10-09,3
98,"6, 9, 16, 23, 24, 32",2004-10-16,43
99,"1, 3, 10, 27, 29, 37",2004-10-23,11
100,"1, 7, 11, 23, 37, 42",2004-10-30,6
101,"1, 3, 17, 32, 35, 45",2004-11-06,8
102,"17, 22, 24, 26, 35, 40",2004-11-13,42
103,"5, 14, 15, 27, 30, 45",2004-11-20,10
104,"17, 32, 33, 34, 42, 44",2004-11-27,35
105,"8, 10, 20, 34, 41, 45",2004-12-04,28
106,"4, 10, 12, 22, 24, 33",2004-12-11,29
107,"1, 4, 5, 6, 9, 31",2004-12-18,17
108,"7, 18, 22, 23, 29, 44",2004-12-25,12
109,"1, 5, 34, 36, 42, 44",2005-01-01,33
110,"7, 20, 22, 23, 29, 43",2005-01-08,1
111,"7, 18, 31, 33, 36, 40",2005-01-15,27
112,"26, 29, 30, 33, 41, 42",2005-01-22,43
113,"4, 9, 28, 33, 36, 45",2005-01-29,26
114,"11, 14, 19, 26, 28, 41",2005-02-05,2
115,"1, 2, 6, 9, 25, 28",2005-02-12,31
116,"2, 4, 25, 31, 34, 37",2005-02-19,17
117,"5, 10, 22, 34, 36, 44",2005-02-26,35
118,"3, 4, 10, 17, 19, 22",2005-03-05,38
119,"3, 11, 13, 14, 17, 21",2005-03-12,38
120,"4, 6, 10, 11, 32, 37",2005-03-19,30
121,"12, 28, 30, 34, 38, 43",2005-03-26,9
122,"1, 11, 16, 17, 36, 40",2005-04-02,8
123,"7, 17, 18, 28, 30, 45",2005-04-09,27
124,"4, 16, 23, 25, 29, 42",2005-04-16,1
125,"2, 8, 32, 33, 35, 36",2005-04-23,18
126,"7, 20, 22, 27, 40, 43",2005-04-30,1
127,"3, 5, 10, 29, 32, 43",2005-05-07,35
128,"12, 30, 34, 36, 37, 45",2005-05-14,39
129,"19, 23, 25, 28, 38, 42",2005-05-21,17
130,"7, 19, 24, 27, 42, 45",2005-05-28,31
131,"8, 10, 11, 14, 15, 21",2005-06-04,37
132,"3, 17, 23, 34, 41, 45",2005-06-11,43
133,"4, 7, 15, 18, 23, 26",2005-06-18,13
134,"3, 12, 20, 23, 31, 35",2005-06-25,43
135,"6, 14, 22, 28, 35, 39",2005-07-02,16
136,"2, 16, 30, 36, 41, 42",2005-07-09,11
137,"7, 9, 20, 25, 36, 39",2005-07-16,15
138,"10, 11, 27, 28, 37, 39",2005-07-23,19
139,"9, 11, 15, 20, 28, 43",2005-07-30,13
140,"3, 13, 17, 18, 19, 28",2005-08-06,8
141,"8, 12, 29, 31, 42, 43",2005-08-13,2
142,"12, 16, 30, 34, 40, 44",2005-08-20,19
143,"26, 27, 28, 42, 43, 45",2005-08-27,8
144,"4, 15, 17, 26, 36, 37",2005-09-03,43
145,"2, 3, 13, 20, 27, 44",2005-09-10,9
146,"2, 19, 27, 35, 41, 42",2005-09-17,25
147,"4, 6, 13, 21, 40, 42",2005-09-24,36
148,"21, 25, 33, 34, 35, 36",2005-10-01,17
149,"2, 11, 21, 34, 41, 42",2005-10-08,27
150,"2, 18, 25, 28, 37, 39",2005-10-15,16
151,"1, 2, 10, 13, 18, 19",2005-10-22,15
152,"1, 5, 13, 26, 29, 34",2005-10-29,43
153,"3, 8, 11, 12, 13, 36",2005-11-05,33
154,"6, 19, 21, 35, 40, 45",2005-11-12,20
155,"16, 19, 20, 32, 33, 41",2005-11-19,4
156,"5, 18, 28, 30, 42, 45",2005-11-26,2
157,"19, 26, 30, 33, 35, 39",2005-12-03,37
158,"4, 9, 13, 18, 21, 34",2005-12-10,7
159,"1, 18, 30, 41, 42, 43",2005-12-17,32
160,"3, 7, 8, 34, 39, 41",2005-12-24,1
161,"22, 34, 36, 40, 42, 45",2005-12-31,44
162,"1, 5, 21, 25, 38, 41",2006-01-07,24
163,"7, 11, 26, 28, 29, 44",2006-01-14,16
164,"6, 9, 10, 11, 39, 41",2006-01-21,27
165,"5, 13, 18, 19, 22, 42",2006-01-28,31
166,"9, 12, 27, 36, 39, 45",2006-02-04,14
167,"24, 27, 28, 30, 36, 39",2006-02-11,4
168,"3, 10, 31, 40, 42, 43",2006-02-18,30
169,"16, 27, 35, 37, 43, 45",2006-02-25,19
170,"2, 11, 13, 15, 31, 42",2006-03-04,10
171,"4, 16, 25, 29, 34, 35",2006-03-11,1
172,"4, 19, 21, 24, 26, 41",2006-03-18,35
173,"3, 9, 24, 30, 33, 34",2006-03-25,18
174,"13, 14, 18, 22, 35, 39",2006-04-01,16
175,"19, 26, 28, 31, 33, 36",2006-04-08,17
176,"4, 17, 30, 32, 33, 34",2006-04-15,15
177,"1, 10, 13, 16, 37, 43",2006-04-22,6
178,"1, 5, 11, 12, 18, 23",2006-04-29,9
179,"5, 9, 17, 25, 39, 43",2006-05-06,32
180,"2, 15, 20, 21, 29, 34",2006-05-13,22
181,"14, 21, 23, 32, 40, 45",2006-05-20,44
182,"13, 15, 27, 29, 34, 40",2006-05-27,35
183,"2, 18, 24, 34, 40, 42",2006-06-03,5
184,"1, 2, 6, 16, 20, 33",2006-06-10,41
185,"1, 2, 4, 8, 19, 38",2006-06-17,14
186,"4, 10, 14, 19, 21, 45",2006-06-24,9
187,"1, 2, 8, 18, 29, 38",2006-07-01,42
188,"19, 24, 27, 30, 31, 34",2006-07-08,36
189,"8, 14, 32, 35, 37, 45",2006-07-15,28
190,"8, 14, 18, 30, 31, 44",2006-07-22,15
191,"5, 6, 24, 25, 32, 37",2006-07-29,8
192,"4, 8, 11, 18, 37, 45",2006-08-05,33
193,"6, 14, 18, 26, 36, 39",2006-08-12,13
194,"15, 20, 23, 26, 39, 44",2006-08-19,28
195,"7, 10, 19, 22, 35, 40",2006-08-26,31
196,"35, 36, 37, 41, 44, 45",2006-09-02,30
197,"7, 12, 16, 34, 42, 45",2006-09-09,4
198,"12, 19, 20, 25, 41, 45",2006-09-16,2
199,"14, 21, 22, 25, 30, 36",2006-09-23,43
200,"5, 6, 13, 14, 17, 20",2006-09-30,7
201,"3, 11, 24, 38, 39, 44",2006-10-07,26
202,"12, 14, 27, 33, 39, 44",2006-10-14,17
203,"1, 3, 11, 24, 30, 32",2006-10-21,7
204,"3, 12, 14, 35, 40, 45",2006-10-28,5
205,"1, 3, 21, 29, 35, 37",2006-11-04,30
206,"1, 2, 3, 15, 20, 25",2006-11-11,43
207,"3, 11, 14, 31, 32, 37",2006-11-18,38
208,"14, 25, 31, 34, 40, 44",2006-11-25,24
209,"2, 7, 18, 20, 24, 33",2006-12-02,37
210,"10, 19, 22, 23, 25, 37",2006-12-09,39
211,"12, 13, 17, 20, 33, 41",2006-12-16,8
212,"11, 12, 18, 21, 31, 38",2006-12-23,8
213,"2, 3, 4, 5, 20, 24",2006-12-30,42
214,"5, 7, 20, 25, 28, 37",2007-01-06,32
215,"2, 3, 7, 15, 43, 44",2007-01-13,4
216,"7, 16, 17, 33, 36, 40",2007-01-20,1
217,"16, 20, 27, 33, 35, 39",2007-01-27,38
218,"1, 8, 14, 18, 29, 44",2007-02-03,20
219,"4, 11, 20, 26, 35, 37",2007-02-10,16
220,"5, 11, 19, 21, 34, 43",2007-02-17,31
221,"2, 20, 33, 35, 37, 40",2007-02-24,10
222,"5, 7, 28, 29, 39, 43",2007-03-03,44
223,"1, 3, 18, 20, 26, 27",2007-03-10,38
224,"4, 19, 26, 27, 30, 42",2007-03-17,7
225,"5, 11, 13, 19, 31, 36",2007-03-24,7
226,"2, 6, 8, 14, 21, 22",2007-03-31,34
227,"4, 5, 15, 16, 22, 42",2007-04-07,2
228,"17, 25, 35, 36, 39, 44",2007-04-14,23
229,"4, 5, 9, 11, 23, 38",2007-04-21,35
230,"5, 11, 14, 29, 32, 33",2007-04-28,12
231,"5, 10, 19, 31, 44, 45",2007-05-05,27
232,"8, 9, 10, 12, 24, 44",2007-05-12,35
233,"4, 6, 13, 17, 28, 40",2007-05-19,39
234,"13, 21, 22, 24, 26, 37",2007-05-26,4
235,"21, 22, 26, 27, 31, 37",2007-06-02,8
236,"1, 4, 8, 13, 37, 39",2007-06-09,7
237,"1, 11, 17, 21, 24, 44",2007-06-16,33
238,"2, 4, 15, 28, 31, 34",2007-06-23,35
239,"11, 15, 24, 39, 41, 44",2007-06-30,7
240,"6, 10, 16, 40, 41, 43",2007-07-07,21
241,"2, 16, 24, 27, 28, 35",2007-07-14,21
242,"4, 19, 20, 21, 32, 34",2007-07-21,43
243,"2, 12, 17, 19, 28, 42",2007-07-28,34
244,"13, 16, 25, 36, 37, 38",2007-08-04,19
245,"9, 11, 27, 31, 32, 38",2007-08-11,22
246,"13, 18, 21, 23, 26, 39",2007-08-18,15
247,"12, 15, 28, 36, 39, 40",2007-08-25,13
248,"3, 8, 17, 23, 38, 45",2007-09-01,13
249,"3, 8, 27, 31, 41, 44",2007-09-08,11
250,"19, 23, 30, 37, 43, 45",2007-09-15,38
251,"6, 7, 19, 25, 28, 38",2007-09-22,45
252,"14, 23, 26, 31, 39, 45",2007-09-29,28
253,"8, 19, 25, 31, 34, 36",2007-10-06,33
254,"1, 5, 19, 20, 24, 30",2007-10-13,27
255,"1, 5, 6, 24, 27, 42",2007-10-20,32
256,"4, 11, 14, 21, 23, 43",2007-10-27,32
257,"6, 13, 27, 31, 32, 37",2007-11-03,4
258,"14, 27, 30, 31, 38, 40",2007-11-10,17
259,"4, 5, 14, 35, 42, 45",2007-11-17,34
260,"7, 12, 15, 24, 37, 40",2007-11-24,43
261,"6, 11, 16, 18, 31, 43",2007-12-01,2
262,"9, 12, 24, 25, 29, 31",2007-12-08,36
263,"1, 27, 28, 32, 37, 40",2007-12-15,18
264,"9, 16, 27, 36, 41, 44",2007-12-22,5
265,"5, 9, 34, 37, 38, 39",2007-12-29,12
266,"3, 4, 9, 11, 22, 42",2008-01-05,37
267,"7, 8, 24, 34, 36, 41",2008-01-12,1
268,"3, 10, 19, 24, 32, 45",2008-01-19,12
269,"5, 18, 20, 36, 42, 43",2008-01-26,32
270,"5, 9, 12, 20, 21, 26",2008-02-02,27
271,"3, 8, 9, 27, 29, 40",2008-02-09,36
272,"7, 9, 12, 27, 39, 43",2008-02-16,28
273,"1, 8, 24, 31, 34, 44",2008-02-23,6
274,"13, 14, 15, 26, 35, 39",2008-03-01,25
275,"14, 19, 20, 35, 38, 40",2008-03-08,26
276,"4, 15, 21, 33, 39, 41",2008-03-15,25
277,"10, 12, 13, 15, 25, 29",2008-03-22,20
278,"3, 11, 37, 39, 41, 43",2008-03-29,13
279,"7, 16, 31, 36, 37, 38",2008-04-05,11
280,"10, 11, 23, 24, 36, 37",2008-04-12,35
281,"1, 3, 4, 6, 14, 41",2008-04-19,12
282,"2, 5, 10, 18, 31, 32",2008-04-26,30
283,"6, 8, 18, 31, 38, 45",2008-05-03,42
284,"2, 7, 15, 24, 30, 45",2008-05-10,28
285,"13, 33, 37, 40, 41, 45",2008-05-17,2
286,"1, 15, 19, 40, 42, 44",2008-05-24,17
287,"6, 12, 24, 27, 35, 37",2008-05-31,41
288,"1, 12, 17, 28, 35, 41",2008-06-07,10
289,"3, 14, 33, 37, 38, 42",2008-06-14,10
290,"8, 13, 18, 32, 39, 45",2008-06-21,7
291,"3, 7, 8, 18, 20, 42",2008-06-28,45
292,"17, 18, 31, 32, 33, 34",2008-07-05,10
293,"1, 9, 17, 21, 29, 33",2008-07-12,24
294,"6, 10, 17, 30, 37, 38",2008-07-19,40
295,"1, 4, 12, 16, 18, 38",2008-07-26,8
296,"3, 8, 15, 27, 30, 45",2008-08-02,44
297,"6, 11, 19, 20, 28, 32",2008-08-09,34
298,"5, 9, 27, 29, 37, 40",2008-08-16,19
299,"1, 3, 20, 25, 36, 45",2008-08-23,24
300,"7, 9, 10, 12, 26, 38",2008-08-30,39
301,"7, 11, 13, 33, 37, 43",2008-09-06,26
302,"13, 19, 20, 32, 38, 42",2008-09-13,4
303,"2, 14, 17, 30, 38, 45",2008-09-20,43
304,"4, 10, 16, 26, 33, 41",2008-09-27,38
305,"7, 8, 18, 21, 23, 39",2008-10-04,9
306,"4, 18, 23, 30, 34, 41",2008-10-11,19
307,"5, 15, 21, 23, 25, 45",2008-10-18,12
308,"14, 15, 17, 19, 37, 45",2008-10-25,40
309,"1, 2, 5, 11, 18, 36",2008-11-01,22
310,"1, 5, 19, 28, 34, 41",2008-11-08,16
311,"4, 12, 24, 27, 28, 32",2008-11-15,10
312,"2, 3, 5, 6, 12, 20",2008-11-22,25
313,"9, 17, 34, 35, 43, 45",2008-11-29,2
314,"15, 17, 19, 34, 38, 41",2008-12-06,2
315,"1, 13, 33, 35, 43, 45",2008-12-13,23
316,"10, 11, 21, 27, 31, 39",2008-12-20,43
317,"3, 10, 11, 22, 36, 39",2008-12-27,8
318,"2, 17, 19, 20, 34, 45",2009-01-03,21
319,"5, 8, 22, 28, 33, 42",2009-01-10,37
320,"16, 19, 23, 25, 41, 45",2009-01-17,3
321,"12, 18, 20, 21, 25, 34",2009-01-24,42
322,"9, 18, 29, 32, 38, 43",2009-01-31,20
323,"10, 14, 15, 32, 36, 42",2009-02-07,3
324,"2, 4, 21, 25, 33, 36",2009-02-14,17
325,"7, 17, 20, 32, 44, 45",2009-02-21,33
326,"16, 23, 25, 33, 36, 39",2009-02-28,40
327,"6, 12, 13, 17, 32, 44",2009-03-07,24
328,"1, 6, 9, 16, 17, 28",2009-03-14,24
329,"9, 17, 19, 30, 35, 42",2009-03-21,4
330,"3, 4, 16, 17, 19, 20",2009-03-28,23
331,"4, 9, 14, 26, 31, 44",2009-04-04,39
332,"16, 17, 34, 36, 42, 45",2009-04-11,3
333,"5, 14, 27, 30, 39, 43",2009-04-18,35
334,"13, 15, 21, 29, 39, 43",2009-04-25,33
335,"5, 9, 16, 23, 26, 45",2009-05-02,21
336,"3, 5, 20, 34, 35, 44",2009-05-09,16
337,"1, 5, 14, 18, 32, 37",2009-05-16,4
338,"2, 13, 34, 38, 42, 45",2009-05-23,16
339,"6, 8, 14, 21, 30, 37",2009-05-30,45
340,"18, 24, 26, 29, 34, 38",2009-06-06,32
341,"1, 8, 19, 34, 39, 43",2009-06-13,41
342,"1, 13, 14, 33, 34, 43",2009-06-20,25
343,"1, 10, 17, 29, 31, 43",2009-06-27,15
344,"1, 2, 15, 28, 34, 45",2009-07-04,38
345,"15, 20, 23, 29, 39, 42",2009-07-11,2
346,"5, 13, 14, 22, 44, 45",2009-07-18,33
347,"3, 8, 13, 27, 32, 42",2009-07-25,10
348,"3, 14, 17, 20, 24, 31",2009-08-01,34
349,"5, 13, 14, 20, 24, 25",2009-08-08,36
350,"1, 8, 18, 24, 29, 33",2009-08-15,35
351,"5, 25, 27, 29, 34, 36",2009-08-22,33
352,"5, 16, 17, 20, 26, 41",2009-08-29,24
353,"11, 16, 19, 22, 29, 36",2009-09-05,26
354,"14, 19, 36, 43, 44, 45",2009-09-12,1
355,"5, 8, 29, 30, 35, 44",2009-09-19,38
356,"2, 8, 14, 25, 29, 45",2009-09-26,24
357,"10, 14, 18, 21, 36, 37",2009-10-03,5
358,"1, 9, 10, 12, 21, 40",2009-10-10,37
359,"1, 10, 19, 20, 24, 40",2009-10-17,23
360,"4, 16, 23, 25, 35, 40",2009-10-24,27
361,"5, 10, 16, 24, 27, 35",2009-10-31,33
362,"2, 3, 22, 27, 30, 40",2009-11-07,29
363,"11, 12, 14, 21, 32, 38",2009-11-14,6
364,"2, 5, 7, 14, 16, 40",2009-11-21,4
365,"5, 15, 21, 25, 26, 30",2009-11-28,31
366,"5, 12, 19, 26, 27, 44",2009-12-05,38
367,"3, 22, 25, 29, 32, 44",2009-12-12,19
368,"11, 21, 24, 30, 39, 45",2009-12-19,26
369,"17, 20, 35, 36, 41, 43",2009-12-26,21
370,"16, 18, 24, 42, 44, 45",2010-01-02,17
371,"7, 9, 15, 26, 27, 42",2010-01-09,18
372,"8, 11, 14, 16, 18, 21",2010-01-16,13
373,"15, 26, 37, 42, 43, 45",2010-01-23,9
374,"11, 13, 15, 17, 25, 34",2010-01-30,26
375,"4, 8, 19, 25, 27, 45",2010-02-06,7
376,"1, 11, 13, 24, 28, 40",2010-02-13,7
377,"6, 22, 29, 37, 43, 45",2010-02-20,23
378,"5, 22, 29, 31, 34, 39",2010-02-27,43
379,"6, 10, 22, 31, 35, 40",2010-03-06,19
380,"1, 2, 8, 17, 26, 37",2010-03-13,27
381,"1, 5, 10, 12, 16, 20",2010-03-20,11
382,"10, 15, 22, 24, 27, 42",2010-03-27,19
383,"4, 15, 28, 33, 37, 40",2010-04-03,25
384,"11, 22, 24, 32, 36, 38",2010-04-10,7
385,"7, 12, 19, 21, 29, 32",2010-04-17,9
386,"4, 7, 10, 19, 31, 40",2010-04-24,26
387,"1, 26, 31, 34, 40, 43",2010-05-01,20
388,"1, 8, 9, 17, 29, 32",2010-05-08,45
389,"7, 16, 18, 20, 23, 26",2010-05-15,3
390,"16, 17, 28, 37, 39, 40",2010-05-22,15
391,"10, 11, 18, 22, 28, 39",2010-05-29,30
392,"1, 3, 7, 8, 24, 42",2010-06-05,43
393,"9, 16, 28, 40, 41, 43",2010-06-12,21
394,"1, 13, 20, 22, 25, 28",2010-06-19,15
395,"11, 15, 20, 26, 31, 35",2010-06-26,7
396,"18, 20, 31, 34, 40, 45",2010-07-03,30
397,"12, 13, 17, 22, 25, 33",2010-07-10,8
398,"10, 15, 20, 23, 42, 44",2010-07-17,7
399,"1, 2, 9, 17, 19, 42",2010-07-24,20
400,"9, 21, 27, 34, 41, 43",2010-07-31,2
401,"6, 12, 18, 31, 38, 43",2010-08-07,9
402,"5, 9, 15, 19, 22, 36",2010-08-14,32
403,"10, 14, 22, 24, 28, 37",2010-08-21,26
404,"5, 20, 21, 24, 33, 40",2010-08-28,36
405,"1, 2, 10, 25, 26, 44",2010-09-04,4
406,"7, 12, 21, 24, 27, 36",2010-09-11,45
407,"6, 7, 13, 16, 24, 25",2010-09-18,1
408,"9, 20, 21, 22, 30, 37",2010-09-25,16
409,"6, 9, 21, 31, 32, 40",2010-10-02,38
410,"1, 3, 18, 32, 40, 41",2010-10-09,16
411,"11, 14, 22, 35, 37, 39",2010-10-16,5
412,"4, 7, 39, 41, 42, 45",2010-10-23,40
413,"2, 9, 15, 23, 34, 40",2010-10-30,3
414,"2, 14, 15, 22, 23, 44",2010-11-06,43
415,"7, 17, 20, 26, 30, 40",2010-11-13,24
416,"5, 6, 8, 11, 22, 26",2010-11-20,44
417,"4, 5, 14, 20, 22, 43",2010-11-27,44
418,"11, 13, 15, 26, 28, 34",2010-12-04,31
419,"2, 11, 13, 14, 28, 30",2010-12-11,7
420,"4, 9, 10, 29, 31, 34",2010-12-18,27
421,"6, 11, 26, 27, 28, 44",2010-12-25,30
422,"8, 15, 19, 21, 34, 44",2011-01-01,12
423,"1, 17, 27, 28, 29, 40",2011-01-08,5
424,"10, 11, 26, 31, 34, 44",2011-01-15,30
425,"8, 10, 14, 27, 33, 38",2011-01-22,3
426,"4, 17, 18, 27, 39, 43",2011-01-29,19
427,"6, 7, 15, 24, 28, 30",2011-02-05,21
428,"12, 16, 19, 22, 37, 40",2011-02-12,8
429,"3, 23, 28, 34, 39, 42",2011-02-19,16
430,"1, 3, 16, 18, 30, 34",2011-02-26,44
431,"18, 22, 25, 31, 38, 45",2011-03-05,6
432,"2, 3, 5, 11, 27, 39",2011-03-12,33
433,"19, 23, 29, 33, 35, 43",2011-03-19,27
434,"3, 13, 20, 24, 33, 37",2011-03-26,35
435,"8, 16, 26, 30, 38, 45",2011-04-02,42
436,"9, 14, 20, 22, 33, 34",2011-04-09,28
437,"11, 16, 29, 38, 41, 44",2011-04-16,21
438,"6, 12, 20, 26, 29, 38",2011-04-23,45
439,"17, 20, 30, 31, 37, 40",2011-04-30,25
440,"10, 22, 28, 34, 36, 44",2011-05-07,2
441,"1, 23, 28, 30, 34, 35",2011-05-14,9
442,"25, 27, 29, 36, 38, 40",2011-05-21,41
443,"4, 6, 10, 19, 20, 44",2011-05-28,14
444,"11, 13, 23, 35, 43, 45",2011-06-04,17
445,"13, 20, 21, 30, 39, 45",2011-06-11,32
446,"1, 11, 12, 14, 26, 35",2011-06-18,6
447,"2, 7, 8, 9, 17, 33",2011-06-25,34
448,"3, 7, 13, 27, 40, 41",2011-07-02,36
449,"3, 10, 20, 26, 35, 43",2011-07-09,36
450,"6, 14, 19, 21, 23, 31",2011-07-16,13
451,"12, 15, 20, 24, 30, 38",2011-07-23,29
452,"8, 10, 18, 30, 32, 34",2011-07-30,27
453,"12, 24, 33, 38, 40, 42",2011-08-06,30
454,"13, 25, 27, 34, 38, 41",2011-08-13,10
455,"4, 19, 20, 26, 30, 35",2011-08-20,24
456,"1, 7, 12, 18, 23, 27",2011-08-27,44
457,"8, 10, 18, 23, 27, 40",2011-09-03,33
458,"4, 9, 10, 32, 36, 40",2011-09-10,18
459,"4, 6, 10, 14, 25, 40",2011-09-17,12
460,"8, 11, 28, 30, 43, 45",2011-09-24,41
461,"11, 18, 26, 31, 37, 40",2011-10-01,43
462,"3, 20, 24, 32, 37, 45",2011-10-08,4
463,"23, 29, 31, 33, 34, 44",2011-10-15,40
464,"6, 12, 15, 34, 42, 44",2011-10-22,4
465,"1, 8, 11, 13, 22, 38",2011-10-29,31
466,"4, 10, 13, 23, 32, 44",2011-11-05,20
467,"2, 12, 14, 17, 24, 40",2011-11-12,39
468,"8, 13, 15, 28, 37, 43",2011-11-19,17
469,"4, 21, 22, 34, 37, 38",2011-11-26,33
470,"10, 16, 20, 39, 41, 42",2011-12-03,27
471,"6, 13, 29, 37, 39, 41",2011-12-10,43
472,"16, 25, 26, 31, 36, 43",2011-12-17,44
473,"8, 13, 20, 22, 23, 36",2011-12-24,34
474,"4, 13, 18, 31, 33, 45",2011-12-31,43
475,"1, 9, 14, 16, 21, 29",2012-01-07,3
476,"9, 12, 13, 15, 37, 38",2012-01-14,27
477,"14, 25, 29, 32, 33, 45",2012-01-21,37
478,"18, 29, 30, 37, 39, 43",2012-01-28,8
479,"8, 23, 25, 27, 35, 44",2012-02-04,24
480,"3, 5, 10, 17, 30, 31",2012-02-11,16
481,"3, 4, 23, 29, 40, 41",2012-02-18,20
482,"1, 10, 16, 24, 25, 35",2012-02-25,43
483,"12, 15, 19, 22, 28, 34",2012-03-03,5
484,"1, 3, 27, 28, 32, 45",2012-03-10,11
485,"17, 22, 26, 27, 36, 39",2012-03-17,20
486,"1, 2, 23, 25, 38, 40",2012-03-24,43
487,"4, 8, 25, 27, 37, 41",2012-03-31,21
488,"2, 8, 17, 30, 31, 38",2012-04-07,25
489,"2, 4, 8, 15, 20, 27",2012-04-14,11
490,"2, 7, 26, 29, 40, 43",2012-04-21,42
491,"8, 17, 35, 36, 39, 42",2012-04-28,4
492,"22, 27, 31, 35, 37, 40",2012-05-05,42
493,"20, 22, 26, 33, 36, 37",2012-05-12,25
494,"5, 7, 8, 15, 30, 43",2012-05-19,22
495,"4, 13, 22, 27, 34, 44",2012-05-26,6
496,"4, 13, 20, 29, 36, 41",2012-06-02,39
497,"19, 20, 23, 24, 43, 44",2012-06-09,13
498,"13, 14, 24, 32, 39, 41",2012-06-16,3
499,"5, 20, 23, 27, 35, 40",2012-06-23,43
500,"3, 4, 12, 20, 24, 34",2012-06-30,41
501,"1, 4, 10, 17, 31, 42",2012-07-07,2
502,"6, 22, 28, 32, 34, 40",2012-07-14,26
503,"1, 5, 27, 30, 34, 36",2012-07-21,40
504,"6, 14, 22, 26, 43, 44",2012-07-28,31
505,"7, 20, 22, 25, 38, 40",2012-08-04,44
506,"6, 9, 11, 22, 24, 30",2012-08-11,31
507,"12, 13, 32, 33, 40, 41",2012-08-18,4
508,"5, 27, 31, 34, 35, 43",2012-08-25,37
509,"12, 25, 29, 35, 42, 43",2012-09-01,24
510,"12, 29, 32, 33, 39, 40",2012-09-08,42
511,"3, 7, 14, 23, 26, 42",2012-09-15,24
512,"4, 5, 9, 13, 26, 27",2012-09-22,1
513,"5, 8, 21, 23, 27, 33",2012-09-29,12
514,"1, 15, 20, 26, 35, 42",2012-10-06,9
515,"2, 11, 12, 15, 23, 37",2012-10-13,8
516,"2, 8, 23, 41, 43, 44",2012-10-20,30
517,"1, 9, 12, 28, 36, 41",2012-10-27,10
518,"14, 23, 30, 32, 34, 38",2012-11-03,6
519,"6, 8, 13, 16, 30, 43",2012-11-10,3
520,"4, 22, 27, 28, 38, 40",2012-11-17,1
521,"3, 7, 18, 29, 32, 36",2012-11-24,19
522,"4, 5, 13, 14, 37, 41",2012-12-01,11
523,"1, 4, 37, 38, 40, 45",2012-12-08,7
524,"10, 11, 29, 38, 41, 45",2012-12-15,21
525,"11, 23, 26, 29, 39, 44",2012-12-22,22
526,"7, 14, 17, 20, 35, 39",2012-12-29,31
527,"1, 12, 22, 32, 33, 42",2013-01-05,38
528,"5, 17, 25, 31, 39, 40",2013-01-12,10
529,"18, 20, 24, 27, 31, 42",2013-01-19,39
530,"16, 23, 27, 29, 33, 41",2013-01-26,22
531,"1, 5, 9, 21, 27, 35",2013-02-02,45
532,"16, 17, 23, 24, 29, 44",2013-02-09,3
533,"9, 14, 15, 17, 31, 33",2013-02-16,23
534,"10, 24, 26, 29, 37, 38",2013-02-23,32
535,"11, 12, 14, 15, 18, 39",2013-03-02,34
536,"7, 8, 18, 32, 37, 43",2013-03-09,12
537,"12, 23, 26, 30, 36, 43",2013-03-16,11
538,"6, 10, 18, 31, 32, 34",2013-03-23,11
539,"3, 19, 22, 31, 42, 43",2013-03-30,26
540,"3, 12, 13, 15, 34, 36",2013-04-06,14
541,"8, 13, 26, 28, 32, 34",2013-04-13,43
542,"5, 6, 19, 26, 41, 45",2013-04-20,34
543,"13, 18, 26, 31, 34, 44",2013-04-27,12
544,"5, 17, 21, 25, 36, 44",2013-05-04,10
545,"4, 24, 25, 27, 34, 35",2013-05-11,2
546,"8, 17, 20, 27, 37, 43",2013-05-18,6
547,"6, 7, 15, 22, 34, 39",2013-05-25,28
548,"1, 12, 13, 21, 32, 45",2013-06-01,14
549,"29, 31, 35, 38, 40, 44",2013-06-08,17
550,"1, 7, 14, 20, 34, 37",2013-06-15,41
551,"3, 6, 20, 24, 27, 44",2013-06-22,25
552,"1, 10, 20, 32, 35, 40",2013-06-29,43
553,"2, 7, 17, 28, 29, 39",2013-07-06,37
554,"13, 14, 17, 32, 41, 42",2013-07-13,6
555,"11, 17, 21, 24, 26, 36",2013-07-20,12
556,"12, 20, 23, 28, 30, 44",2013-07-27,43
557,"4, 20, 26, 28, 35, 40",2013-08-03,31
558,"12, 15, 19, 26, 40, 43",2013-08-10,29
559,"11, 12, 25, 32, 44, 45",2013-08-17,23
560,"1, 4, 20, 23, 29, 45",2013-08-24,28
561,"5, 7, 18, 37, 42, 45",2013-08-31,20
562,"4, 11, 13, 17, 20, 31",2013-09-07,33
563,"5, 10, 16, 17, 31, 32",2013-09-14,21
564,"14, 19, 25, 26, 27, 34",2013-09-21,2
565,"4, 10, 18, 27, 40, 45",2013-09-28,38
566,"4, 5, 6, 25, 26, 43",2013-10-05,41
567,"1, 10, 15, 16, 32, 41",2013-10-12,28
568,"1, 3, 17, 20, 31, 44",2013-10-19,40
569,"3, 6, 13, 23, 24, 35",2013-10-26,1
570,"1, 12, 26, 27, 29, 33",2013-11-02,42
571,"11, 18, 21, 26, 38, 43",2013-11-09,29
572,"3, 13, 18, 33, 37, 45",2013-11-16,1
573,"2, 4, 20, 34, 35, 43",2013-11-23,14
574,"14, 15, 16, 19, 25, 43",2013-11-30,2
575,"2, 8, 20, 30, 33, 34",2013-12-07,6
576,"10, 11, 15, 25, 35, 41",2013-12-14,13
577,"16, 17, 22, 31, 34, 37",2013-12-21,33
578,"5, 12, 14, 32, 34, 42",2013-12-28,16
579,"5, 7, 20, 22, 37, 42",2014-01-04,39
580,"5, 7, 9, 11, 32, 35",2014-01-11,33
581,"3, 5, 14, 20, 42, 44",2014-01-18,33
582,"2, 12, 14, 33, 40, 41",2014-01-25,25
583,"8, 17, 27, 33, 40, 44",2014-02-01,24
584,"7, 18, 30, 39, 40, 41",2014-02-08,36
585,"6, 7, 10, 16, 38, 41",2014-02-15,4
586,"2, 7, 12, 15, 21, 34",2014-02-22,5
587,"14, 21, 29, 31, 32, 37",2014-03-01,17
588,"2, 8, 15, 22, 25, 41",2014-03-08,30
589,"6, 8, 28, 33, 38, 39",2014-03-15,22
590,"20, 30, 36, 38, 41, 45",2014-03-22,23
591,"8, 13, 14, 30, 38, 39",2014-03-29,5
592,"2, 5, 6, 13, 28, 44",2014-04-05,43
593,"9, 10, 13, 24, 33, 38",2014-04-12,28
594,"2, 8, 13, 25, 28, 37",2014-04-19,3
595,"8, 24, 28, 35, 38, 40",2014-04-26,5
596,"3, 4, 12, 14, 25, 43",2014-05-03,17
597,"8, 10, 23, 24, 35, 43",2014-05-10,37
598,"4, 12, 24, 33, 38, 45",2014-05-17,22
599,"5, 12, 17, 29, 34, 35",2014-05-24,27
600,"5, 11, 14, 27, 29, 36",2014-05-31,44
601,"2, 16, 19, 31, 34, 35",2014-06-07,37
602,"13, 14, 22, 27, 30, 38",2014-06-14,2
603,"2, 19, 25, 26, 27, 43",2014-06-21,28
604,"2, 6, 18, 21, 33, 34",2014-06-28,30
605,"1, 2, 7, 9, 10, 38",2014-07-05,42
606,"1, 5, 6, 14, 20, 39",2014-07-12,22
607,"8, 14, 23, 36, 38, 39",2014-07-19,13
608,"4, 8, 18, 19, 39, 44",2014-07-26,41
609,"4, 8, 27, 34, 39, 40",2014-08-02,13
610,"14, 18, 20, 23, 28, 36",2014-08-09,33
611,"2, 22, 27, 33, 36, 37",2014-08-16,14
612,"6, 9, 18, 19, 25, 33",2014-08-23,40
613,"7, 8, 11, 16, 41, 44",2014-08-30,35
614,"8, 21, 25, 39, 40, 44",2014-09-06,18
615,"10, 17, 18, 19, 23, 27",2014-09-13,35
616,"5, 13, 18, 23, 40, 45",2014-09-20,3
617,"4, 5, 11, 12, 24, 27",2014-09-27,28
618,"8, 16, 25, 30, 42, 43",2014-10-04,15
619,"6, 8, 13, 30, 35, 40",2014-10-11,21
620,"2, 16, 17, 32, 39, 45",2014-10-18,40
621,"1, 2, 6, 16, 19, 42",2014-10-25,9
622,"9, 15, 16, 21, 28, 34",2014-11-01,24
623,"7, 13, 30, 39, 41, 45",2014-11-08,25
624,"1, 7, 19, 26, 27, 35",2014-11-15,16
625,"3, 6, 7, 20, 21, 39",2014-11-22,13
626,"13, 14, 26, 33, 40, 43",2014-11-29,15
627,"2, 9, 22, 25, 31, 45",2014-12-06,12
628,"1, 7, 12, 15, 23, 42",2014-12-13,11
629,"19, 28, 31, 38, 43, 44",2014-12-20,1
630,"8, 17, 21, 24, 27, 31",2014-12-27,15
631,"1, 2, 4, 23, 31, 34",2015-01-03,8
632,"15, 18, 21, 32, 35, 44",2015-01-10,6
633,"9, 12, 19, 20, 39, 41",2015-01-17,13
634,"4, 10, 11, 12, 20, 27",2015-01-24,38
635,"11, 13, 25, 26, 29, 33",2015-01-31,32
636,"6, 7, 15, 16, 20, 31",2015-02-07,26
637,"3, 16, 22, 37, 38, 44",2015-02-14,23
638,"7, 18, 22, 24, 31, 34",2015-02-21,6
639,"6, 15, 22, 23, 25, 32",2015-02-28,40
640,"14, 15, 18, 21, 26, 35",2015-03-07,23
641,"11, 18, 21, 36, 37, 43",2015-03-14,12
642,"8, 17, 18, 24, 39, 45",2015-03-21,32
643,"15, 24, 31, 32, 33, 40",2015-03-28,13
644,"5, 13, 17, 23, 28, 36",2015-04-04,8
645,"1, 4, 16, 26, 40, 41",2015-04-11,31
646,"2, 9, 24, 41, 43, 45",2015-04-18,30
647,"5, 16, 21, 23, 24, 30",2015-04-25,29
648,"13, 19, 28, 37, 38, 43",2015-05-02,4
649,"3, 21, 22, 33, 41, 42",2015-05-09,20
650,"3, 4, 7, 11, 31, 41",2015-05-16,35
651,"11, 12, 16, 26, 29, 44",2015-05-23,18
652,"3, 13, 15, 40, 41, 44",2015-05-30,20
653,"5, 6, 26, 27, 38, 39",2015-06-06,1
654,"16, 21, 26, 31, 36, 43",2015-06-13,6
655,"7, 37, 38, 39, 40, 44",2015-06-20,18
656,"3, 7, 14, 16, 31, 40",2015-06-27,39
657,"10, 14, 19, 39, 40, 43",2015-07-04,23
658,"8, 19, 25, 28, 32, 36",2015-07-11,37
659,"7, 18, 19, 27, 29, 42",2015-07-18,45
660,"4, 9, 23, 33, 39, 44",2015-07-25,14
661,"2, 3, 12, 20, 27, 38",2015-08-01,40
662,"5, 6, 9, 11, 15, 37",2015-08-08,26
663,"3, 5, 8, 19, 38, 42",2015-08-15,20
664,"10, 20, 33, 36, 41, 44",2015-08-22,5
665,"5, 6, 11, 17, 38, 44",2015-08-29,13
666,"2, 4, 6, 11, 17, 28",2015-09-05,16
667,"15, 17, 25, 37, 42, 43",2015-09-12,13
668,"12, 14, 15, 24, 27, 32",2015-09-19,3
669,"7, 8, 20, 29, 33, 38",2015-09-26,9
670,"11, 18, 26, 27, 40, 41",2015-10-03,25
671,"7, 9, 10, 13, 31, 35",2015-10-10,24
672,"8, 21, 28, 31, 36, 45",2015-10-17,43
673,"7, 10, 17, 29, 33, 44",2015-10-24,5
674,"9, 10, 14, 25, 27, 31",2015-10-31,11
675,"1, 8, 11, 15, 18, 45",2015-11-07,7
676,"1, 8, 17, 34, 39, 45",2015-11-14,27
677,"12, 15, 24, 36, 41, 44",2015-11-21,42
678,"4, 5, 6, 12, 25, 37",2015-11-28,45
679,"3, 5, 7, 14, 26, 34",2015-12-05,35
680,"4, 10, 19, 29, 32, 42",2015-12-12,30
681,"21, 24, 27, 29, 43, 44",2015-12-19,7
682,"17, 23, 27, 35, 38, 43",2015-12-26,2
683,"6, 13, 20, 27, 28, 40",2016-01-02,15
684,"1, 11, 15, 17, 25, 39",2016-01-09,40
685,"6, 7, 12, 28, 38, 40",2016-01-16,18
686,"7, 12, 15, 24, 25, 43",2016-01-23,13
687,"1, 8, 10, 13, 28, 42",2016-01-30,45
688,"5, 15, 22, 23, 34, 35",2016-02-06,2
689,"7, 17, 19, 30, 36, 38",2016-02-13,34
690,"24, 25, 33, 34, 38, 39",2016-02-20,43
691,"15, 27, 33, 35, 43, 45",2016-02-27,16
692,"3, 11, 14, 15, 32, 36",2016-03-05,44
693,"1, 6, 11, 28, 34, 42",2016-03-12,30
694,"7, 15, 20, 25, 33, 43",2016-03-19,12
695,"4, 18, 26, 33, 34, 38",2016-03-26,14
696,"1, 7, 16, 18, 34, 38",2016-04-02,21
697,"2, 5, 8, 11, 33, 39",2016-04-09,31
698,"3, 11, 13, 21, 33, 37",2016-04-16,18
699,"4, 5, 8, 16, 21, 29",2016-04-23,3
700,"11, 23, 28, 29, 30, 44",2016-04-30,13
701,"3, 10, 14, 16, 36, 38",2016-05-07,35
702,"3, 13, 16, 24, 26, 29",2016-05-14,9
703,"10, 28, 31, 33, 41, 44",2016-05-21,21
704,"1, 4, 8, 23, 33, 42",2016-05-28,45
705,"1, 6, 17, 22, 28, 45",2016-06-04,23
706,"3, 4, 6, 10, 28, 30",2016-06-11,37
707,"2, 12, 19, 24, 39, 44",2016-06-18,35
708,"2, 10, 16, 19, 34, 45",2016-06-25,1
709,"10, 18, 30, 36, 39, 44",2016-07-02,32
710,"3, 4, 9, 24, 25, 33",2016-07-09,10
711,"11, 15, 24, 35, 37, 45",2016-07-16,42
712,"17, 20, 30, 31, 33, 45",2016-07-23,19
713,"2, 5, 15, 18, 19, 23",2016-07-30,44
714,"1, 7, 22, 33, 37, 40",2016-08-06,20
715,"2, 7, 27, 33, 41, 44",2016-08-13,10
716,"2, 6, 13, 16, 29, 30",2016-08-20,21
717,"2, 11, 19, 25, 28, 32",2016-08-27,44
718,"4, 11, 20, 23, 32, 39",2016-09-03,40
719,"4, 8, 13, 19, 20, 43",2016-09-10,26
720,"1, 12, 29, 34, 36, 37",2016-09-17,41
721,"1, 28, 35, 41, 43, 44",2016-09-24,31
722,"12, 14, 21, 30, 39, 43",2016-10-01,45
723,"20, 30, 33, 35, 36, 44",2016-10-08,22
724,"2, 8, 33, 35, 37, 41",2016-10-15,14
725,"6, 7, 19, 21, 41, 43",2016-10-22,38
726,"1, 11, 21, 23, 34, 44",2016-10-29,24
727,"7, 8, 10, 19, 21, 31",2016-11-05,20
728,"3, 6, 10, 30, 34, 37",2016-11-12,36
729,"11, 17, 21, 26, 36, 45",2016-11-19,16
730,"4, 10, 14, 15, 18, 22",2016-11-26,39
731,"2, 7, 13, 25, 42, 45",2016-12-03,39
732,"2, 4, 5, 17, 27, 32",2016-12-10,43
733,"11, 24, 32, 33, 35, 40",2016-12-17,13
734,"6, 16, 37, 38, 41, 45",2016-12-24,18
735,"5, 10, 13, 27, 37, 41",2016-12-31,4
736,"2, 11, 17, 18, 21, 27",2017-01-07,6
737,"13, 15, 18, 24, 27, 41",2017-01-14,11
738,"23, 27, 28, 38, 42, 43",2017-01-21,36
739,"7, 22, 29, 33, 34, 35",2017-01-28,30
740,"4, 8, 9, 16, 17, 19",2017-02-04,31
741,"5, 21, 27, 34, 44, 45",2017-02-11,16
742,"8, 10, 13, 36, 37, 40",2017-02-18,6
743,"15, 19, 21, 34, 41, 44",2017-02-25,10
744,"10, 15, 18, 21, 34, 41",2017-03-04,43
745,"1, 2, 3, 9, 12, 23",2017-03-11,10
746,"3, 12, 33, 36, 42, 45",2017-03-18,25
747,"7, 9, 12, 14, 23, 28",2017-03-25,17
748,"3, 10, 13, 22, 31, 32",2017-04-01,29
749,"12, 14, 24, 26, 34, 45",2017-04-08,41
750,"1, 2, 15, 19, 24, 36",2017-04-15,12
751,"3, 4, 16, 20, 28, 44",2017-04-22,17
752,"4, 16, 20, 33, 40, 43",2017-04-29,7
753,"2, 17, 19, 24, 37, 41",2017-05-06,3
754,"2, 8, 17, 24, 29, 31",2017-05-13,32
755,"13, 14, 26, 28, 30, 36",2017-05-20,37
756,"10, 14, 16, 18, 27, 28",2017-05-27,4
757,"6, 7, 11, 17, 33, 44",2017-06-03,1
758,"5, 9, 12, 30, 39, 43",2017-06-10,24
759,"9, 33, 36, 40, 42, 43",2017-06-17,32
760,"10, 22, 27, 31, 42, 43",2017-06-24,12
761,"4, 7, 11, 24, 42, 45",2017-07-01,30
762,"1, 3, 12, 21, 26, 41",2017-07-08,16
763,"3, 8, 16, 32, 34, 43",2017-07-15,10
764,"7, 22, 24, 31, 34, 36",2017-07-22,15
765,"1, 3, 8, 12, 42, 43",2017-07-29,33
766,"9, 30, 34, 35, 39, 41",2017-08-05,21
767,"5, 15, 20, 31, 34, 42",2017-08-12,22
768,"7, 27, 29, 30, 38, 44",2017-08-19,4
769,"5, 7, 11, 16, 41, 45",2017-08-26,4
770,"1, 9, 12, 23, 39, 43",2017-09-02,34
771,"6, 10, 17, 18, 21, 29",2017-09-09,30
772,"5, 6, 11, 14, 21, 41",2017-09-16,32
773,"8, 12, 19, 21, 31, 35",2017-09-23,44
774,"12, 15, 18, 28, 34, 42",2017-09-30,9
775,"11, 12, 29, 33, 38, 42",2017-10-07,17
776,"8, 9, 18, 21, 28, 40",2017-10-14,20
777,"6, 12, 17, 21, 34, 37",2017-10-21,18
778,"6, 21, 35, 36, 37, 41",2017-10-28,11
779,"6, 12, 19, 24, 34, 41",2017-11-04,4
780,"15, 17, 19, 21, 27, 45",2017-11-11,16
781,"11, 16, 18, 19, 24, 39",2017-11-18,43
782,"6, 18, 31, 34, 38, 45",2017-11-25,20
783,"14, 15, 16, 17, 38, 45",2017-12-02,36
784,"3, 10, 23, 24, 31, 39",2017-12-09,22
785,"4, 6, 15, 25, 26, 33",2017-12-16,40
786,"12, 15, 16, 20, 24, 30",2017-12-23,38
787,"5, 6, 13, 16, 27, 28",2017-12-30,9
788,"2, 10, 11, 19, 35, 39",2018-01-06,29
789,"2, 6, 7, 12, 19, 45",2018-01-13,38
790,"3, 8, 19, 27, 30, 41",2018-01-20,12
791,"2, 10, 12, 31, 33, 42",2018-01-27,32
792,"2, 7, 19, 25, 29, 36",2018-02-03,16
793,"10, 15, 21, 35, 38, 43",2018-02-10,31
794,"6, 7, 18, 19, 30, 38",2018-02-17,13
795,"3, 10, 13, 26, 34, 38",2018-02-24,36
796,"1, 21, 26, 36, 40, 41",2018-03-03,5
797,"5, 22, 31, 32, 39, 45",2018-03-10,36
798,"2, 10, 14, 22, 32, 36",2018-03-17,41
799,"12, 17, 23, 34, 42, 45",2018-03-24,33
800,"1, 4, 10, 12, 28, 45",2018-03-31,26
801,"17, 25, 28, 37, 43, 44",2018-04-07,2
802,"10, 11, 12, 18, 24, 42",2018-04-14,27
803,"5, 9, 14, 26, 30, 43",2018-04-21,2
804,"1, 10, 13, 26, 32, 36",2018-04-28,9
805,"3, 12, 13, 18, 31, 32",2018-05-05,42
806,"14, 20, 23, 31, 37, 38",2018-05-12,27
807,"6, 10, 18, 25, 34, 35",2018-05-19,33
808,"15, 21, 31, 32, 41, 43",2018-05-26,24
809,"6, 11, 15, 17, 23, 40",2018-06-02,39
810,"5, 10, 13, 21, 39, 43",2018-06-09,11
811,"8, 11, 19, 21, 36, 45",2018-06-16,25
812,"1, 3, 12, 14, 16, 43",2018-06-23,10
813,"11, 30, 34, 35, 42, 44",2018-06-30,27
814,"2, 21, 28, 38, 42, 45",2018-07-07,30
815,"17, 21, 25, 26, 27, 36",2018-07-14,4
816,"12, 18, 19, 29, 31, 39",2018-07-21,7
817,"3, 9, 12, 13, 25, 43",2018-07-28,34
818,"14, 15, 25, 28, 29, 30",2018-08-04,3
819,"16, 25, 33, 38, 40, 45",2018-08-11,15
820,"10, 21, 22, 30, 35, 42",2018-08-18,6
821,"1, 12, 13, 24, 29, 44",2018-08-25,16
822,"9, 18, 20, 24, 27, 36",2018-09-01,12
823,"12, 18, 24, 26, 39, 40",2018-09-08,15
824,"7, 9, 24, 29, 34, 38",2018-09-15,26
825,"8, 15, 21, 31, 33, 38",2018-09-22,42
826,"13, 16, 24, 25, 33, 36",2018-09-29,42
827,"5, 11, 12, 29, 33, 44",2018-10-06,14
828,"4, 7, 13, 29, 31, 39",2018-10-13,18
829,"4, 5, 31, 35, 43, 45",2018-10-20,29
830,"5, 6, 16, 18, 37, 38",2018-10-27,17
831,"3, 10, 16, 19, 31, 39",2018-11-03,9
832,"13, 14, 19, 26, 40, 43",2018-11-10,30
833,"12, 18, 30, 39, 41, 42",2018-11-17,19
834,"6, 8, 18, 35, 42, 43",2018-11-24,3
835,"9, 10, 13, 28, 38, 45",2018-12-01,35
836,"1, 9, 11, 14, 26, 28",2018-12-08,19
837,"2, 25, 28, 30, 33, 45",2018-12-15,6
838,"9, 14, 17, 33, 36, 38",2018-12-22,20
839,"3, 9, 11, 12, 13, 19",2018-12-29,35
840,"2, 4, 11, 28, 29, 43",2019-01-05,27
841,"5, 11, 14, 30, 33, 38",2019-01-12,24
842,"14, 26, 32, 36, 39, 42",2019-01-19,38
843,"19, 21, 30, 33, 34, 42",2019-01-26,4
844,"7, 8, 13, 15, 33, 45",2019-02-02,18
845,"1, 16, 29, 33, 40, 45",2019-02-09,6
846,"5, 18, 30, 41, 43, 45",2019-02-16,13
847,"12, 16, 26, 28, 30, 42",2019-02-23,22
848,"1, 2, 16, 22, 38, 39",2019-03-02,34
849,"5, 13, 17, 29, 34, 39",2019-03-09,3
850,"16, 20, 24, 28, 36, 39",2019-03-16,5
851,"14, 18, 22, 26, 31, 44",2019-03-23,40
852,"11, 17, 28, 30, 33, 35",2019-03-30,9
853,"2, 8, 23, 26, 27, 44",2019-04-06,13
854,"20, 25, 31, 32, 36, 43",2019-04-13,3
855,"8, 15, 17, 19, 43, 44",2019-04-20,7
856,"10, 24, 40, 41, 43, 44",2019-04-27,17
857,"6, 10, 16, 28, 34, 38",2019-05-04,43
858,"9, 13, 32, 38, 39, 43",2019-05-11,23
859,"8, 22, 35, 38, 39, 41",2019-05-18,24
860,"4, 8, 18, 25, 27, 32",2019-05-25,42
861,"11, 17, 19, 21, 22, 25",2019-06-01,24
862,"10, 34, 38, 40, 42, 43",2019-06-08,32
863,"16, 21, 28, 35, 39, 43",2019-06-15,12
864,"3, 7, 10, 13, 25, 36",2019-06-22,32
865,"3, 15, 22, 32, 33, 45",2019-06-29,2
866,"9, 15, 29, 34, 37, 39",2019-07-06,12
867,"14, 17, 19, 22, 24, 40",2019-07-13,41
868,"12, 17, 28, 41, 43, 44",2019-07-20,25
869,"2, 6, 20, 27, 37, 39",2019-07-27,4
870,"21, 25, 30, 32, 40, 42",2019-08-03,31
871,"2, 6, 12, 26, 30, 34",2019-08-10,38
872,"2, 4, 30, 32, 33, 43",2019-08-17,29
873,"3, 5, 12, 13, 33, 39",2019-08-24,38
874,"1, 15, 19, 23, 28, 42",2019-08-31,32
875,"19, 22, 30, 34, 39, 44",2019-09-07,36
876,"5, 16, 21, 26, 34, 42",2019-09-14,24
877,"5, 17, 18, 22, 23, 43",2019-09-21,12
878,"2, 6, 11, 16, 25, 31",2019-09-28,3
879,"1, 4, 10, 14, 15, 35",2019-10-05,20
880,"7, 17, 19, 23, 24, 45",2019-10-12,38
881,"4, 18, 20, 26, 27, 32",2019-10-19,9
882,"18, 34, 39, 43, 44, 45",2019-10-26,23
883,"9, 18, 32, 33, 37, 44",2019-11-02,22
884,"4, 14, 23, 28, 37, 45",2019-11-09,17
885,"1, 3, 24, 27, 39, 45",2019-11-16,31
886,"19, 23, 28, 37, 42, 45",2019-11-23,2
887,"8, 14, 17, 27, 36, 45",2019-11-30,10
888,"3, 7, 12, 31, 34, 38",2019-12-07,32
889,"3, 13, 29, 38, 39, 42",2019-12-14,26
890,"1, 4, 14, 18, 29, 37",2019-12-21,6
891,"9, 13, 28, 31, 39, 41",2019-12-28,19
892,"4, 9, 17, 18, 26, 42",2020-01-04,36
893,"1, 15, 17, 23, 25, 41",2020-01-11,10
894,"19, 32, 37, 40, 41, 43",2020-01-18,45
895,"16, 26, 31, 38, 39, 41",2020-01-25,23
896,"5, 12, 25, 26, 38, 45",2020-02-01,23
897,"6, 7, 12, 22, 26, 36",2020-02-08,29
898,"18, 21, 28, 35, 37, 42",2020-02-15,17
899,"8, 19, 20, 21, 33, 39",2020-02-22,37
900,"7, 13, 16, 18, 35, 38",2020-02-29,14
901,"5, 18, 20, 23, 30, 34",2020-03-07,21
902,"7, 19, 23, 24, 36, 39",2020-03-14,30
903,"2, 15, 16, 21, 22, 28",2020-03-21,45
904,"2, 6, 8, 26, 43, 45",2020-03-28,11
905,"3, 4, 16, 27, 38, 40",2020-04-04,20
906,"2, 5, 14, 28, 31, 32",2020-04-11,20
907,"21, 27, 29, 38, 40, 44",2020-04-18,37
908,"3, 16, 21, 22, 23, 44",2020-04-25,30
909,"7, 24, 29, 30, 34, 35",2020-05-02,33
910,"1, 11, 17, 27, 35, 39",2020-05-09,31
911,"4, 5, 12, 14, 32, 42",2020-05-16,35
912,"5, 8, 18, 21, 22, 38",2020-05-23,10
913,"6, 14, 16, 21, 27, 37",2020-05-30,40
914,"16, 19, 24, 33, 42, 44",2020-06-06,27
915,"2, 6, 11, 13, 22, 37",2020-06-13,14
916,"6, 21, 22, 32, 35, 36",2020-06-20,17
917,"1, 3, 23, 24, 27, 43",2020-06-27,34
918,"7, 11, 12, 31, 33, 38",2020-07-04,5
919,"9, 14, 17, 18, 42, 44",2020-07-11,35
920,"2, 3, 26, 33, 34, 43",2020-07-18,29
921,"5, 7, 12, 22, 28, 41",2020-07-25,1
922,"2, 6, 13, 17, 27, 43",2020-08-01,36
923,"3, 17, 18, 23, 36, 41",2020-08-08,26
924,"3, 11, 34, 42, 43, 44",2020-08-15,13
925,"13, 24, 32, 34, 39, 42",2020-08-22,4
926,"10, 16, 18, 20, 25, 31",2020-08-29,6
927,"4, 15, 22, 38, 41, 43",2020-09-05,26
928,"3, 4, 10, 20, 28, 44",2020-09-12,30
929,"7, 9, 12, 15, 19, 23",2020-09-19,4
930,"8, 21, 25, 38, 39, 44",2020-09-26,28
931,"14, 15, 23, 25, 35, 43",2020-10-03,32
932,"1, 6, 15, 36, 37, 38",2020-10-10,5
933,"23, 27, 29, 31, 36, 45",2020-10-17,37
934,"1, 3, 30, 33, 36, 39",2020-10-24,12
935,"4, 10, 20, 32, 38, 44",2020-10-31,18
936,"7, 11, 13, 17, 18, 29",2020-11-07,43
937,"2, 10, 13, 22, 29, 40",2020-11-14,26
938,"4, 8, 10, 16, 31, 36",2020-11-21,9
939,"4, 11, 28, 39, 42, 45",2020-11-28,6
940,"3, 15, 20, 22, 24, 41",2020-12-05,11
941,"12, 14, 25, 27, 39, 40",2020-12-12,35
942,"10, 12, 18, 35, 42, 43",2020-12-19,39
943,"1, 8, 13, 36, 44, 45",2020-12-26,39
944,"2, 13, 16, 19, 32, 33",2021-01-02,42
945,"9, 10, 15, 30, 33, 37",2021-01-09,26
946,"9, 18, 19, 30, 34, 40",2021-01-16,20
947,"3, 8, 17, 20, 27, 35",2021-01-23,26
948,"13, 18, 30, 31, 38, 41",2021-01-30,5
949,"14, 21, 35, 36, 40, 44",2021-02-06,30
950,"3, 4, 15, 22, 28, 40",2021-02-13,10
951,"2, 12, 30, 31, 39, 43",2021-02-20,38
952,"4, 12, 22, 24, 33, 41",2021-02-27,38
953,"7, 9, 22, 27, 37, 42",2021-03-06,34
954,"1, 9, 26, 28, 30, 41",2021-03-13,32
955,"4, 9, 23, 26, 29, 33",2021-03-20,8
956,"10, 11, 20, 21, 25, 41",2021-03-27,40
957,"4, 15, 24, 35, 36, 40",2021-04-03,1
958,"2, 9, 10, 16, 35, 37",2021-04-10,1
959,"1, 14, 15, 24, 40, 41",2021-04-17,35
960,"2, 18, 24, 30, 32, 45",2021-04-24,14
961,"11, 20, 29, 31, 33, 42",2021-05-01,43
962,"1, 18, 28, 31, 34, 43",2021-05-08,40
963,"6, 12, 19, 23, 34, 42",2021-05-15,35
964,"6, 21, 36, 38, 39, 43",2021-05-22,30
965,"2, 13, 25, 28, 29, 36",2021-05-29,34
966,"1, 21, 25, 29, 34, 37",2021-06-05,36
967,"1, 6, 13, 37, 38, 40",2021-06-12,9
968,"2, 5, 12, 14, 24, 39",2021-06-19,33
969,"3, 9, 10, 29, 40, 45",2021-06-26,7
970,"9, 11, 16, 21, 28, 36",2021-07-03,5
971,"2, 6, 17, 18, 21, 26",2021-07-10,7
972,"3, 6, 17, 23, 37, 39",2021-07-17,26
973,"22, 26, 31, 37, 41, 42",2021-07-24,24
974,"1, 2, 11, 16, 39, 44",2021-07-31,32
975,"7, 8, 9, 17, 22, 24",2021-08-07,5
976,"4, 12, 14, 25, 35, 37",2021-08-14,2
977,"2, 9, 10, 14, 22, 44",2021-08-21,16
978,"1, 7, 15, 32, 34, 42",2021-08-28,8
979,"7, 11, 16, 21, 27, 33",2021-09-04,24
980,"3, 13, 16, 23, 24, 35",2021-09-11,14
981,"27, 36, 37, 41, 43, 45",2021-09-18,32
982,"5, 7, 13, 20, 21, 44",2021-09-25,33
983,"13, 23, 26, 31, 35, 43",2021-10-02,15
984,"3, 10, 23, 35, 36, 37",2021-10-09,18
985,"17, 21, 23, 30, 34, 44",2021-10-16,19
986,"7, 10, 16, 28, 41, 42",2021-10-23,40
987,"2, 4, 15, 23, 29, 38",2021-10-30,7
988,"2, 13, 20, 30, 31, 41",2021-11-06,27
989,"17, 18, 21, 27, 29, 33",2021-11-13,26
990,"2, 4, 25, 26, 36, 37",2021-11-20,28
991,"13, 18, 25, 31, 33, 44",2021-11-27,38
992,"12, 20, 26, 33, 44, 45",2021-12-04,24
993,"6, 14, 16, 18, 24, 42",2021-12-11,44
994,"1, 3, 8, 24, 27, 35",2021-12-18,28
995,"1, 4, 13, 29, 38, 39",2021-12-25,7
996,"6, 11, 15, 24, 32, 39",2022-01-01,28
997,"4, 7, 14, 16, 24, 44",2022-01-08,20
998,"13, 17, 18, 20, 42, 45",2022-01-15,41
999,"1, 3, 9, 14, 18, 28",2022-01-22,34
1000,"2, 8, 19, 22, 32, 42",2022-01-29,39
1001,"6, 10, 12, 14, 20, 42",2022-02-05,15
1002,"17, 25, 33, 35, 38, 45",2022-02-12,15
1003,"1, 4, 29, 39, 43, 45",2022-02-19,31
1004,"7, 15, 30, 37, 39, 44",2022-02-26,18
1005,"8, 13, 18, 24, 27, 29",2022-03-05,17
1006,"8, 11, 15, 16, 17, 37",2022-03-12,36
1007,"8, 11, 16, 19, 21, 25",2022-03-19,40
1008,"9, 11, 30, 31, 41, 44",2022-03-26,33
1009,"15, 23, 29, 34, 40, 44",2022-04-02,20
1010,"9, 12, 15, 25, 34, 36",2022-04-09,3
1011,"1, 9, 12, 26, 35, 38",2022-04-16,42
1012,"5, 11, 18, 20, 35, 45",2022-04-23,3
1013,"21, 22, 26, 34, 36, 41",2022-04-30,32
1014,"3, 11, 14, 18, 26, 27",2022-05-07,21
1015,"14, 23, 31, 33, 37, 40",2022-05-14,44
1016,"15, 26, 28, 34, 41, 42",2022-05-21,44
1017,"12, 18, 22, 23, 30, 34",2022-05-28,32
1018,"3, 19, 21, 25, 37, 45",2022-06-04,35
1019,"1, 4, 13, 17, 34, 39",2022-06-11,6
1020,"12, 27, 29, 38, 41, 45",2022-06-18,6
1021,"12, 15, 17, 24, 29, 45",2022-06-25,16
1022,"5, 6, 11, 29, 42, 45",2022-07-02,28
1023,"10, 14, 16, 18, 29, 35",2022-07-09,25
1024,"9, 18, 20, 22, 38, 44",2022-07-16,10
1025,"8, 9, 20, 25, 29, 33",2022-07-23,7
1026,"5, 12, 13, 31, 32, 41",2022-07-30,34
1027,"14, 16, 27, 35, 39, 45",2022-08-06,5
1028,"5, 7, 12, 13, 18, 35",2022-08-13,23
1029,"12, 30, 32, 37, 39, 41",2022-08-20,24
1030,"2, 5, 11, 17, 24, 29",2022-08-27,9
1031,"6, 7, 22, 32, 35, 36",2022-09-03,19
1032,"1, 6, 12, 19, 36, 42",2022-09-10,28
1033,"3, 11, 15, 20, 35, 44",2022-09-17,10
1034,"26, 31, 32, 33, 38, 40",2022-09-24,11
1035,"9, 14, 34, 35, 41, 42",2022-10-01,2
1036,"2, 5, 22, 32, 34, 45",2022-10-08,39
1037,"2, 14, 15, 22, 27, 33",2022-10-15,31
1038,"7, 16, 24, 27, 37, 44",2022-10-22,2
1039,"2, 3, 6, 19, 36, 39",2022-10-29,26
1040,"8, 16, 26, 29, 31, 36",2022-11-05,11
1041,"6, 7, 9, 11, 17, 18",2022-11-12,45
1042,"5, 14, 15, 23, 34, 43",2022-11-19,4
1043,"3, 5, 12, 22, 26, 31",2022-11-26,19
1044,"12, 17, 20, 26, 28, 36",2022-12-03,4
1045,"6, 14, 15, 19, 21, 41",2022-12-10,37
1046,"7, 16, 25, 29, 35, 36",2022-12-17,28
1047,"2, 20, 33, 40, 42, 44",2022-12-24,32
1048,"6, 12, 17, 21, 32, 39",2022-12-31,30
1049,"3, 5, 13, 20, 21, 37",2023-01-07,17
1050,"6, 12, 31, 35, 38, 43",2023-01-14,17
1051,"21, 26, 30, 32, 33, 35",2023-01-21,44
1052,"5, 17, 26, 27, 35, 38",2023-01-28,1
1053,"22, 26, 29, 30, 34, 45",2023-02-04,15
1054,"14, 19, 27, 28, 30, 45",2023-02-11,33
1055,"4, 7, 12, 14, 22, 33",2023-02-18,31
1056,"13, 20, 24, 32, 36, 45",2023-02-25,29
1057,"8, 13, 19, 27, 40, 45",2023-03-04,12
1058,"11, 23, 25, 30, 32, 40",2023-03-11,42
1059,"7, 10, 22, 25, 34, 40",2023-03-18,27
1060,"3, 10, 24, 33, 38, 45",2023-03-25,36
1061,"4, 24, 27, 35, 37, 45",2023-04-01,15
1062,"20, 31, 32, 40, 41, 45",2023-04-08,12
1063,"3, 6, 22, 23, 24, 38",2023-04-15,30
1064,"3, 6, 9, 18, 22, 35",2023-04-22,14
1065,"3, 18, 19, 23, 32, 45",2023-04-29,24
1066,"6, 11, 16, 19, 21, 32",2023-05-06,45
1067,"7, 10, 19, 23, 28, 33",2023-05-13,18
1068,"4, 7, 19, 26, 33, 35",2023-05-20,3
1069,"1, 10, 18, 22, 28, 31",2023-05-27,44
1070,"3, 6, 14, 22, 30, 41",2023-06-03,36
1071,"1, 2, 11, 21, 30, 35",2023-06-10,39
1072,"16, 18, 20, 23, 32, 43",2023-06-17,27
1073,"6, 18, 28, 30, 32, 38",2023-06-24,15
1074,"1, 6, 20, 27, 28, 41",2023-07-01,15
1075,"1, 23, 24, 35, 44, 45",2023-07-08,10
1076,"3, 7, 9, 33, 36, 37",2023-07-15,10
1077,"4, 8, 17, 30, 40, 43",2023-07-22,34
1078,"6, 10, 11, 14, 36, 38",2023-07-29,43
1079,"4, 8, 18, 24, 37, 45",2023-08-05,6
1080,"13, 16, 23, 31, 36, 44",2023-08-12,38
1081,"1, 9, 16, 23, 24, 38",2023-08-19,17
1082,"21, 26, 27, 32, 34, 42",2023-08-26,31
1083,"3, 7, 14, 15, 22, 38",2023-09-02,17
1084,"8, 12, 13, 29, 33, 42",2023-09-09,5
1085,"4, 7, 17, 18, 38, 44",2023-09-16,36
1086,"11, 16, 25, 27, 35, 36",2023-09-23,37
1087,"13, 14, 18, 21, 34, 44",2023-09-30,16
1088,"11, 21, 22, 30, 39, 44",2023-10-07,31
1089,"4, 18, 31, 37, 42, 43",2023-10-14,40
1090,"12, 19, 21, 29, 40, 45",2023-10-21,1
1091,"6, 20, 23, 24, 28, 30",2023-10-28,44
1092,"7, 18, 19, 26, 33, 45",2023-11-04,37
1093,"10, 17, 22, 30, 35, 43",2023-11-11,44
1094,"6, 7, 15, 22, 26, 40",2023-11-18,41
1095,"8, 14, 28, 29, 34, 40",2023-11-25,12
1096,"1, 12, 16, 19, 23, 43",2023-12-02,34
1097,"14, 33, 34, 35, 37, 40",2023-12-09,4
1098,"12, 16, 21, 24, 41, 43",2023-12-16,15
1099,"3, 20, 28, 38, 40, 43",2023-12-23,4
1100,"17, 26, 29, 30, 31, 43",2023-12-30,12
1101,"6, 7, 13, 28, 36, 42",2024-01-06,41
1102,"13, 14, 22, 26, 37, 38",2024-01-13,20
1103,"10, 12, 29, 31, 40, 44",2024-01-20,2
1104,"1, 7, 21, 30, 35, 38",2024-01-27,2
1105,"6, 16, 34, 37, 39, 40",2024-02-03,11
1106,"1, 3, 4, 29, 42, 45",2024-02-10,36
1107,"6, 14, 30, 31, 40, 41",2024-02-17,29
1108,"7, 19, 26, 37, 39, 44",2024-02-24,27
1109,"10, 12, 13, 19, 33, 40",2024-03-02,2
1110,"3, 7, 11, 20, 22, 41",2024-03-09,24
1111,"3, 13, 30, 33, 43, 45",2024-03-16,4
1112,"16, 20, 26, 36, 42, 44",2024-03-23,24
1113,"11, 13, 20, 21, 32, 44",2024-03-30,8
1114,"10, 16, 19, 32, 33, 38",2024-04-06,3
1115,"7, 12, 23, 32, 34, 36",2024-04-13,8
1116,"15, 16, 17, 25, 30, 31",2024-04-20,32
1117,"3, 4, 9, 30, 33, 36",2024-04-27,7
1118,"11, 13, 14, 15, 16, 45",2024-05-04,3
1119,"1, 9, 12, 13, 20, 45",2024-05-11,3
1120,"2, 19, 26, 31, 38, 41",2024-05-18,34
1121,"6, 24, 31, 32, 38, 44",2024-05-25,8
1122,"3, 6, 21, 30, 34, 35",2024-06-01,22
1123,"13, 19, 21, 24, 34, 35",2024-06-08,26
1124,"3, 8, 17, 30, 33, 34",2024-06-15,28
1125,"6, 14, 25, 33, 40, 44",2024-06-22,30
1126,"4, 5, 9, 11, 37, 40",2024-06-29,7
1127,"10, 15, 24, 30, 31, 37",2024-07-06,32
1128,"1, 5, 8, 16, 28, 33",2024-07-13,45
1129,"5, 10, 11, 17, 28, 34",2024-07-20,22
1130,"15, 19, 21, 25, 27, 28",2024-07-27,40
1131,"1, 2, 6, 14, 27, 38",2024-08-03,33
1132,"6, 7, 19, 28, 34, 41",2024-08-10,5
1133,"13, 14, 20, 28, 29, 34",2024-08-17,23
1134,"3, 7, 9, 13, 19, 24",2024-08-24,23
1135,"1, 6, 13, 19, 21, 33",2024-08-31,4
1136,"21, 33, 35, 38, 42, 44",2024-09-07,1
1137,"4, 9, 12, 15, 33, 45",2024-09-14,26
1138,"14, 16, 19, 20, 29, 34",2024-09-21,35
1139,"5, 12, 15, 30, 37, 40",2024-09-28,18
1140,"7, 10, 22, 29, 31, 38",2024-10-05,15
1141,"7, 11, 12, 21, 26, 35",2024-10-12,20
1142,"2, 8, 28, 30, 37, 41",2024-10-19,22
